{"dataCollection":[{"dataObject":[{"resourceType":"emrrawdata","metadata":{"custom_resource_type":"citeventphase","raw_data_json":[{"id":" 1","name":"Created","description":"Creación de la cita médica"},{"id":" 2","name":"Confirmed","description":"Confirmación de la llegada del paciente"},{"id":" 3","name":"Initiated","description":"Atención del paciente "},{"id":" 4","name":"Finalized","description":"Finalización de la atención del paciente"},{"id":" 5","name":"open","description":"La cita se cancelo"},{"id":" 6","name":"started","description":"La cita se cancelo"},{"id":" 7","name":"started","description":"La cita se cancelo"}],"creation_date_time":"2022/10/06 19:48:59","upload_id":null,"failure_id":null,"emr_name":"Hypersoft_EMR"}},{"resourceType":"citeventphase","metadata":{"id":7,"name":"started","description":"La cita se cancelo"}}]}]}